등록번호,서명,저자,발행처,발행연도,서고,청구기호
E566315,과학기술의 철학적 이해,한양대학교,한양대학교 출판부,2021,사회자연과학자료실(2층),401 한63ㄱ6 v.2
E566316,(10대들을 위한)나의 문화유산답사기,유홍준,창비,2019,인문과학자료실(3층),981.102 유95ㄴ v.2
E566317,(10대들을 위한) 나의 문화유산답사기,유홍준,창비,2020,인문과학자료실(3층),981.102 유95ㄴ v.3
E566318,(10대들을 위한)나의 문화유산답사기,유홍준,창비,2021,인문과학자료실(3층),981.102 유95ㄴ v.4
E566319,(10대를 위한) 나의 첫 건축 수업,배상규,시프,2022,사회자연과학자료실(2층),372.68 W736aKㅂ
E566320,(10대를 위한) 나의 첫 고전 읽기 수업,박균호,다른,2021,인문과학자료실(3층),029 박15ㄴ
E566321,(10대를 위한)나의 첫 공학 수업,"매컬리, 패멀라",시프,2021,사회자연과학자료실(2층),372.68 M123eKㄱ
E566322,(10대를 위한) 나의 첫 시쓰기 수업,박용진,다른,2021,인문과학자료실(3층),802 박65ㄴ
E566323,(10대를 위한) 나의 첫 철학 읽기 수업,박균호,다른,2022,인문과학자료실(3층),100 박15ㄴ
E566324,1주일만에 좋아지는 자율신경,小林弘幸,시그마북스,2026,사회자연과학자료실(2층),513.83 소298ㅇKㅈ
E566325,3차원측정 입문,김형주,복두,2026,사회자연과학자료실(2층),551.29 김94ㅅ
E566326,500가지 건축으로 읽는 세계사,"Collins, Sophie",(주)현대지성,2026,커뮤니티라운지(1층-인기도서),909 C713hKㅅ
E566327,(AI의 선택을 부르는) AEO·GEO 생존전략,이재홍,미래의창,2026,커뮤니티라운지(1층-인기도서),321.97 이73ㅇ
E566328,AI 네이티브 코리아,매일경제 국민보고대회팀,매일경제신문사,2026,사회자연과학자료실(2층),331.5412 매68ㅇ
E566329,가족이라는 사치,진미정,김영사,2026,사회자연과학자료실(2층),332.2 진38ㄱ
E566330,가짜 인간,박영란,마음이음,2022,인문과학자료실(3층),813.7 박64ㄱ
E566331,감정에 이름 붙이기,윤주은,문예춘추사,2026,커뮤니티라운지(1층-인기도서),818 윤76ㄱ
E566332,개처럼 인생을 살아라,Diogenes Läertios,모티브,2025,인문과학자료실(3층),160.2 D591hKㅇ
E566333,게이트우드 할머니의 발자국,"Montgomery, Ben",수오서재,2026,인문과학자료실(3층),848 M787gKㅇ
E566334,계급욕망의 유전자,서현,효형출판,2026,인문과학자료실(3층),909 서94ㄱ
E566335,고체전자공학,"Streetman, Ben G.‏",성진미디어,2015,사회자연과학자료실(2층),569.4 S915sKㄱ
E566336,공간에 담긴 인간의 이야기,은민균,아리도시건축,2026,사회자연과학자료실(2층),540 은38ㄱ
E566337,공간의 내재성,장용순,ESA,2026,사회자연과학자료실(2층),540.01 장65ㄱ2
E566338,공급망관리의 이해,진현웅,청람,2024,사회자연과학자료실(2층),325.6 진94ㄱ
E566339,과학은 암기가 아닙니다,주광호,성림원북스,2026,사회자연과학자료실(2층),373.4 주14ㄱ
E566340,광고관리,안광호,학현사,2020,사회자연과학자료실(2층),325.7 안14ㄱ4
E566341,괜찮지 않은 날에도 괜찮은 척한 너에게,이미정,길벗,202,인문과학자료실(3층),186.5 미52ㅈKㅇ
E566342,글쓰기 싫을 때 읽는 책,금정연,북트리거,2026,인문과학자료실(3층),818 금74ㄱ
E566343,(기본기에 충실한) 기초회로실험,임종식,위즈덤플(WisdomPL),2026,사회자연과학자료실(2층),561.1 임75ㄱ
E566344,(김경일의) 마음 트래킹,김경일,21세기북스,2026,커뮤니티라운지(1층-인기도서),189 김13ㅁ
E566345,나는 AI로 급등주에 투자한다,곽경일,RHK(알에이치코리아),2026,사회자연과학자료실(2층),327.856 곽13ㄴ
E566346,나는 매일 아침 피를 봅니다,박상욱,시공사,2026,인문과학자료실(3층),818 박52ㄴ
E566347,나는 이렇게 나이 들기로 했다,신은경,샘터,2026,인문과학자료실(3층),818 신67ㄴ
E566348,나도 사장은 처음이라,박태훈,다산북스,2026,사회자연과학자료실(2층),325.11 박883ㄴ
E566349,나르시시스트 죽이기,"Wardetzky, Barbel",서교책방,2026,커뮤니티라운지(1층-인기도서),189.2 W265bKㄱ
E566350,나쁜 의도는 없었습니다,손원평,창비,2026,인문과학자료실(3층),813.7 손66ㄴ
E566351,나의 친구들,"Backman, Fredrik",다산북스,2026,커뮤니티라운지(1층-인기도서),859.7 B126mKㅇ
E566352,나이 들어 보여서 미치겠어요,정진호,해냄(해냄출판사),2026,사회자연과학자료실(2층),593.2 정78ㄴ
E566353,남의 불행을 먹고 사는 사람들,이동원,라곰,2026,커뮤니티라운지(1층-인기도서),813.7 이24ㄴ
E566354,남의 비위 맞추기는 이제 그만,황위링,미디어숲,2023,커뮤니티라운지(1층-인기도서),325.211 황65ㅂKㅇ
E566355,남한산성,김훈,학고재,2021,인문과학자료실(3층),813.7 김96ㄴ2
E566356,(내 손으로 고치는) 빈티지 오디오,김동희,좋은땅,2026,사회자연과학자료실(2층),569 김24ㅂ
E566357,너의 나쁜 무리,예소연,한겨레엔,2026,커뮤니티라운지(1층-인기도서),813.7 예55ㄴ
E566358,널 구원할 시간 4분 33초,태전자직,오리지널스,2026,인문과학자료실(3층),833.6 태74ㅁKㅇ
E566359,네일 케어 & 아트,김수연,구민사,2026,사회자연과학자료실(2층),593.25 김56ㄴ
E566360,노 모어 나이트메어,이도해,자음과모음,2026,인문과학자료실(3층),808.91 이24ㄴ
E566361,노바디스 걸,"Giuffre, Virginia Robert",은행나무,2026,사회자연과학자료실(2층),334.223 G537nKㄱ
E566362,누구나 마당 있는 집을 꿈꾼다,김효찬,좋은습관연구소,2026,사회자연과학자료실(2층),617.81 김95ㄴ
E566363,"다시, 초격차",권오현,쌤앤파커스,2026,커뮤니티라운지(1층-인기도서),325.24 권65ㄷ
E566364,대문자 뱀,"Lemaître, Pierre",열린책들,2026,인문과학자료실(3층),863 L547sKㅇ
E566365,대오염의 시대,장은영,푸른숲,2025,사회자연과학자료실(2층),539 정54ㄷ
E566366,(생각하는 힘을 잃어버린 어른들을 위한) 독학이라는 세계,白取春彦,클랩북스,2026,커뮤니티라운지(1층-인기도서),001.2 백85ㄷKㅇ
E566367,동물보건행동학,이혜원,창지사,2026,사회자연과학자료실(2층),528 동36
E566368,동서 철학사상의 만남,양일모,동과서,2019,인문과학자료실(3층),151 동54
E566369,로봇 유니버스,조용조,지식과감성,2026,사회자연과학자료실(2층),559.962 조64ㄹ
E566370,먹는 기쁨에 대하여,한은형,인플루엔셜,2026,인문과학자료실(3층),818 한67ㅁ
E566371,명상하는 마음,이치훈,웅진지식하우스,2026,인문과학자료실(3층),818 이86ㅁ
E566372,모두의 도서관,강은주,여행자의 책,2026,인문과학자료실(3층),027 모25
E566373,모든 날들이 행복했으면 좋겠어,갱여운,하이스트,2026,커뮤니티라운지(1층-인기도서),818 갱64ㅁ
E566374,무례한 세상에서 나를 지키는 법,"Gracián y Morales, Baltasar",논픽션,2026,커뮤니티라운지(1층-인기도서),199.1 G731aKㅎ
E566375,(나도 모르게 나를 망치고 성장시키는) 문제적 사랑,김지용,디플롯,2026,인문과학자료실(3층),182.2 김78ㅁ
E566376,미국은 왜 전쟁을 멈추지 못하는가,"Hartung, William D",부티,2026,커뮤니티라운지(1층-인기도서),391.5 H336tKㅂ
E566377,(미루는 사람을 위한) 실행의 기술,외산미수,RHK,2026,사회자연과학자료실(2층),325.211 외52ㅅKㅈ
E566378,미적분 직관하기,박원균,H(휴머니스트 출판그룹),2025-2026,사회자연과학자료실(2층),414 박66ㅁ v.1
E566379,미적분 직관하기,박원균,H(휴머니스트 출판그룹),2025-2026,사회자연과학자료실(2층),414 박66ㅁ v.2
E566380,바다를 엿보다,伊良刹那,모요사,2026,인문과학자료실(3층),833.6 이293ㅎKㅎ
E566381,바이러스의 시간,주철현,서울뿌리와이파리,2021,사회자연과학자료실(2층),475.54 주83ㅂ
E566382,박태웅의 AI 강의,박태웅,한빛비즈,2026,커뮤니티라운지(1층-인기도서),331.5412 박883ㅂ 2026
E566383,반도체 전공정 실습,김주현,복두출판사,2026,사회자연과학자료실(2층),569.4 김76ㅂ
E566384,붉어지는 얼굴,신현이,작은코도마뱀,2026,인문과학자료실(3층),813.7 신94ㅂ
E566385,비교 해방,기시미 이치로,와이즈베리,2026,인문과학자료실(3층),189.1 안13ㅂKㄱ
E566386,사랑이 있으니 살아집디다,유시민,은빛,2026,커뮤니티라운지(1층-인기도서),818 유58ㅅ
E566387,산촌의 미래,박광국,박영사,2026,사회자연과학자료실(2층),520.7 박14ㅅ
E566388,살아온 날들이 당신 편이에요,하승완,부크럼,2026,인문과학자료실(3층),818 하57ㅅ
E566389,"삶에 사랑이 없다면, 그 무엇이 의미 있으랴",이근오,모티브,2025,인문과학자료실(3층),181.71 이16ㅅ
E566390,새로 쓰는 농업과 농업교육,김환식,바른북스,2026,사회자연과학자료실(2층),520.7 김95ㅅ
E566391,서양 국제정치사상,박성우,아카넷,2026,사회자연과학자료실(2층),349 박54ㅅ
E566392,서점 괴담,岡崎隼人,팩토리나인,2026,인문과학자료실(3층),833.6 강17ㅅKㅁ
E566393,수상할 만큼 완벽한 결혼식,이소연,돌고래,2026,사회자연과학자료실(2층),332.22 이55ㅅ
E566394,숨은민국,김미영,세이지,2026,커뮤니티라운지(1층-인기도서),340.2 김38ㅅ
E566395,숲으로 출근합니다,황금비,한겨레출판,2026,사회자연과학자료실(2층),480.4 황16ㅅ
E566396,(쉽게 풀어낸) 소방관계법규,이영삼,동화기술,2026,사회자연과학자료실(2층),539.99023 이64ㅅ
E566397,스트레스는 어떻게 나를 바꾸는가,하지현,어크로스,2026,커뮤니티라운지(1층-인기도서),182.35 하78ㅅ
E566398,슬픈 살인,"Rosen, Jonathan",문학동네,2026,사회자연과학자료실(2층),513.897 R813bKㅂ
E566399,슬픈 호랑이,이세욱,열린책들,2026,커뮤니티라운지(1층-인기도서),863 S617tKㅇ
E566400,시간관리국,"Bradley, Kaliane",김영사,2026,커뮤니티라운지(1층-인기도서),843.6 B811mKㅈ
E566401,식물의 시간은 천천히 흐른다,이일하,초봄책방,2026,사회자연과학자료실(2층),480 이68ㅅ
E566402,신경 쓰이는 사람,김화진,북다,2026,인문과학자료실(3층),813.7 신13
E566403,(신의 직장은 아니지만) 공기업은 가고 싶어,박대호,북오션,2022,사회자연과학자료실(2층),325.337 박22ㄱ
E566404,쓰다보니 문득 당신이 와 있는 것 같아서,송정림,달,2026,인문과학자료실(3층),818 송74ㅆ
E566405,(쓱하고 싹 배우는) 캔바,안은진,Youngjin.com(영진닷컴),2026,인문과학자료실(3층),005.565 안67ㅋ
E566406,아버지 없는 세상의 아들들,고혜경,한겨레출판,2026,인문과학자료실(3층),219.21 고94ㅇ
E566407,아이들이 쉬는 숨,"Hendrickson, Debra",흐름출판,2026,사회자연과학자료실(2층),539.9 H498aKㄴ
E566408,암세포의 진화,"Aktipis, Athena",(주)열린책들,2026,사회자연과학자료실(2층),513.994 A315cKㄱ
E566409,에듀케이션,김승일,문학과지성사,2015,인문과학자료실(3층),811.7 김57ㅇ
E566410,역사는 사라지지 않는다,배기성,월요일의꿈,2026,인문과학자료실(3층),911.07 배17ㅇ
E566411,오늘을 바꾸는 과학,울림,동아시아,2026,사회자연과학자료실(2층),404 울298ㅇ
E566412,온갖 근심,"Leky, Mariana",H(현대문학),2026,인문과학자료실(3층),853 L536kKㅈ
E566413,완벽한 원시인,자청,필로틱,2026,커뮤니티라운지(1층-인기도서),325.211 자83ㅇ
E566414,욕망의 음식,연호탁,글항아리,2026,사회자연과학자료실(2층),594.019 연95ㅇ
E566415,우아한 사고를 위한 철학,"Ruiz, Jos Carlos",북하우스,2026,인문과학자료실(3층),100 R934iKㄱ
E566416,우정의 미적분,"Strogatz, Steven",프시케의숲,2026,사회자연과학자료실(2층),410 S921cKㄱ
E566417,운동하면 좋은 걸 누가 모르냐고요,하주원,반비,2026,커뮤니티라운지(1층-인기도서),185.3 하76ㅇ
E566418,유전자의 기억,"De Groot, Jerome",이상북스,2026,사회자연과학자료실(2층),476.1 D321dKㅈ
E566419,의자병,최성민,세종(세종서적),2026,사회자연과학자료실(2층),517.32 최54ㅇ
E566420,이것이 금융 취업 입문서이다,김정환,BM성안당,2024,사회자연과학자료실(2층),327.077 김74ㅇ
E566421,이상능력자,함설기,책깃,2026,인문과학자료실(3층),813.7 함54ㅇ
E566422,인구정책 대전환 700일의 기록,주형환,21세기북스,2026,사회자연과학자료실(2층),331.3 주94ㅇ
E566423,"인문 여행자, 사라진 시간을 걷다",김경한,쌤앤파커스,2026,커뮤니티라운지(1층-인기도서),001.3 김13ㅇ
E566424,인생은 행복으로 완성되지 않는다,"Oishi, Shigehiro",위즈덤하우스,2026,커뮤니티라운지(1층-인기도서),189.1 O39lKㅅ
E566425,인생을 위한 최소한의 생각,신영준,상상스퀘어,2026,커뮤니티라운지(1층-인기도서),199.8 신64ㅇ
E566426,인스타그램은 왜 공짜일까?,이완배,북트리거,2026,사회자연과학자료실(2층),325.555 이65ㅇ
E566427,일의 빡침과 기쁨,오이웍스,Aamu press,2026,인문과학자료실(3층),818 오68ㅇ
E566428,쟤는 폰만 보는데 왜 돈이 많을까,긍정필터,모티브,2026,커뮤니티라운지(1층-인기도서),325.555 긍74ㅈ
E566429,전기 공유압 제어 이론 및 실습,윤홍식,광문각,2026,사회자연과학자료실(2층),551.16 윤95ㅈ2
E566430,전시로 보는 페미니즘 미술,고경옥,현실문화,2026,사회자연과학자료실(2층),609.11 고13ㅈ
E566431,전자전기 기초실험,이태봉,복두출판사,2023,사회자연과학자료실(2층),560.73 이883ㅈ3
E566432,정밀측정,최부희,D.B. Info,2026,사회자연과학자료실(2층),530.22 최46ㅈ6
E566433,제비는 돌아오지 않는다,桐野夏生,해피북스투유,2026,인문과학자료실(3층),833.6 동63ㅇKㄱ
E566434,지구의 완전한 지도,"Trethewey, Laura",눌와,2026,사회자연과학자료실(2층),454 T799dKㅂ
E566435,지구환경과 우리의 역할,김민영,도담소리,2026,사회자연과학자료실(2층),450 지15
E566436,(질문하는 십대를 위한) 과학 탐구,김요섭,날,2026,사회자연과학자료실(2층),404 과92
E566437,집은 중립적이지 않다,서윤영,지노,2026,사회자연과학자료실(2층),549.7 서66ㅈ
E566438,차별을 훔치는 남자들,박정훈,한겨레엔,2026,사회자연과학자료실(2층),337.2 박74ㅊ
E566439,(읽기만 해도 배부른)최고민수 요리 역사 특강,최고민수,온더페이지,2026,사회자연과학자료실(2층),594.509 최14ㅊ
E566440,"큰 뜻을 품은 자여, 왜 그 자리에 머물러 있는가",정약용,모티브,2025,커뮤니티라운지(1층-인기도서),151.581 정63ㅋ
E566441,타인의 구두,"Moyes, Jojo",다산책방,2026,인문과학자료실(3층),843.6 M938sKㅇ
E566442,터스크,장혜경,은행나무,2026,인문과학자료실(3층),848 G537tKㄱ
E566443,파란 피,허교범,위즈덤하우스,2026,인문과학자료실(3층),813.7 허14ㅍ
E566444,(플루타르코스가 들려주는) 그리스·로마 영웅,Plutarchos,열다,2020,인문과학자료실(3층),992.1 플296ㄱ
E566445,하버마스 철학으로의 초대,서요련,필로소픽,2026,인문과학자료실(3층),165.7 서65ㅎ
E566446,(한 권으로 총정리한)물리의 법칙,김영태,바다출판사,2026,커뮤니티라운지(1층-인기도서),420 김64ㅁ
E566447,한국 현대 실천 철학,김석수,돌베개,2008,인문과학자료실(3층),151.7 김54ㅎ
E566448,한국현대철학,정대현,이화여자대학교출판문화원,2016,인문과학자료실(3층),151.7 정22ㅎ
E566449,한국현대철학사,안건훈,서울대학교출판문화원,2025,인문과학자료실(3층),151.7 안13ㅎ
E566450,한눈에 보는 AI 반도체 산업,MrTrigger,한빛미디어,2026,커뮤니티라운지(1층-인기도서),004.73 미57ㅎ
E566451,화학공정계산,"Felder, Richard M",사이플러스,2026,사회자연과학자료실(2층),570.31 F312e4Kㅇ
E566452,(화학자K의)추리 과학실,이광렬,블랙피쉬,2026,사회자연과학자료실(2층),430 이14ㅊ
E566453,휩쓸린 것들만 남는다,김지유,클레이하우스,2026,인문과학자료실(3층),853 B595hKㄱ
E566454,1억을 모으는 내 아이의 첫 ETF,미즈쑤,푸른향기,2026,사회자연과학자료실(2층),327.856 미77ㅇ
E566455,(이론부터 기출문제까지 한 권으로 끝내는) 제어공학,오우진,BM성안당,2026,사회자연과학자료실(2층),559.9077 오66ㅈ6
E566456,20대를 위한 심리학,조난숙,학지사,2026,인문과학자료실(3층),183.3 조192ㅇ
E566457,3배속 도플갱어,박기옥,빈페이지,2026,인문과학자료실(3층),833.6 구38ㅅKㅂ
E566458,(AI 자율학습)제미나이로 일 잘하는 법,성구,길벗,2026,커뮤니티라운지(1층-인기도서),004.73 성15ㅈ
E566459,AI가 나보다 일을 잘할 때,김대식,창비,2026,사회자연과학자료실(2층),321.52 김22ㅇ
E566460,"AI 시대, 대학교육을 리디자인하라",정혜선,학지사,2026,사회자연과학자료실(2층),377 에68
E566461,AI토피아,KBS N 〈AI토피아〉 제작팀,노르웨이숲,2026,사회자연과학자료실(2층),331.5412 케68ㅇ
E566462,(MyCAD 실습으로 배우는) 반도체 설계,안태원,복두(더),2026,사회자연과학자료실(2층),569.4 안883ㅂ
E566463,가족 없는 시대,차해영,오월의봄,2026,사회자연과학자료실(2층),332.277 차93ㄱ
E566464,감사하는 뇌가 인생을 바꾼다,가바사와 시온,현대지성,2026,커뮤니티라운지(1층-인기도서),325.211 화883ㄱKㅇ
E566465,갑작스러운 이별로 가족들이 떠맡을 당신의 잡동사니를 미리 정리하는 기술,"Condo, Messie",봄름,2026,사회자연과학자료실(2층),591 C746nKㅅ
E566466,"같이 읽어요, 오늘도",책여사,현대지성,2026,인문과학자료실(3층),029.8 책64ㄱ
E566467,경계에 서는 법,차병직,김영사,2026,사회자연과학자료실(2층),360.1 차44ㄱ
E566468,경영경제수학 강의,박광태,교문사,2026,사회자연과학자료실(2층),320.015 박14ㄱ
E566469,고대 이집트의 밤하늘,유성환,휴머니스트,2026,사회자연과학자료실(2층),440.9 유54ㄱ
E566470,과학하는 인간의 태도,김동규,쌤앤파커스,2026,사회자연과학자료실(2층),404 R873nKㄱ
E566471,교육은 유전을 이길 수 있는가,안도 주코,알레,2026,커뮤니티라운지(1층-인기도서),476.1 안26ㄱKㅎ
E566472,교육행정 및 교육경영,한유경,학지사,2026,사회자연과학자료실(2층),371 교66
E566473,구멍 난 세계,김지웅,책과나무,2025,인문과학자료실(3층),813.7 김78ㄱ
E566474,국가가 작동하는 순간,강건작,클라우드나인,2026,사회자연과학자료실(2층),350.83 강13ㄱ
E566475,글이 안 써지세요? 저도요,정지음,오리지널스,2026,인문과학자료실(3층),802 정78ㄱ
E566476,기술이 바꾼 일상의 역사,연유진,날,2026,사회자연과학자료실(2층),509 연66ㄱ
E566477,(꼬리에 꼬리를 무는)독성 물질 이야기,목정민,주니어태학,2026,사회자연과학자료실(2층),513.93 목74ㄷ
E566478,끝까지 해내는 마음은 어떻게 탄생하는가,"Heddy, Benjamin C",현대지성,2026,커뮤니티라운지(1층-인기도서),189.1 H452mKㅈ
E566479,나는 갈 곳이 없었다,"Mekas, Jonas",열화당,2026,인문과학자료실(3층),846 M516iKㄱ
E566480,내 생의 가장 아름다운 완성,안종수,사유와공감,2025,사회자연과학자료실(2층),331.236 내53
E566481,내 안의 기적을 깨워라!,김기연,책과나무,2026,사회자연과학자료실(2층),512.51 김17ㄴ
E566482,내 집에서 나이 들 수 있을까,박한슬,더퀘스트,2026,사회자연과학자료실(2층),591.9 박92ㄴ
E566483,내면 근력,"Murphy, Jim",윌북,2026,커뮤니티라운지(1층-인기도서),199.1 M978iKㅈ
E566484,늙지 않는 몸,이한음,다산북스,2026,사회자연과학자료실(2층),511.1689 T675sKㅇ
E566485,다정한 어른이 된다는 것,온벼리,더케이북스,2026,인문과학자료실(3층),818 온44ㄷ
E566486,다정함이 인격이다,김선희,나무생각,2025,인문과학자료실(3층),189.2 김54ㄷ
E566487,단단한 행복,양현길,유노책주,2025,인문과학자료실(3층),160.24 양94ㄷ
E566488,단지의 두 사람,양지윤,빈페이지,2026,인문과학자료실(3층),833.6 등63ㄷKㅇ
E566489,당신의 아이는 안전합니까?,오정수,작가의집,2026,사회자연과학자료실(2층),334.3 오74ㄷ
E566490,덜 멍청하게 살기 위한 최소한의 철학,"스벤젠, 라르스",한국경제신문,2026,인문과학자료실(3층),102 S968dKㅇ
E566491,"데이터로 읽고, 전략으로 움직여라",김세훈,책과나무,2026,사회자연과학자료실(2층),325.5 김54ㄷ
E566492,데일 카네기 긍정태도론,"Carnegie, Dale",현대지성,2026,커뮤니티라운지(1층-인기도서),325.04 C289hKㅂ
E566493,된다! 네이버 스마트플레이스,고수진,이지스퍼블리싱,2026,사회자연과학자료실(2층),325.555 고56ㄷ
E566494,드디어 만나는 중국 신화,黃德海,현대지성,2026,인문과학자료실(3층),219.12 황23ㄷKㅇ
E566495,"또, 단지의 두 사람",藤野千夜,빈페이지,2026,인문과학자료실(3층),833.6 등63ㅁKㅇ
E566496,마음은 어떻게 병을 치유하는가?,전홍준,서울셀렉션,2026,사회자연과학자료실(2층),512.49 전95ㅁ
E566497,매출의 설계자들,김경호,흐름출판,2026,사회자연과학자료실(2층),325.5 김13ㅁ
E566498,머리 달린 여자,서계수,오러,2026,인문과학자료실(3층),813.7 서13ㅁ
E566499,멀리 갈수록 세상은 더 넓어져,"Tellegen, Toon",arte(아르테),2026,인문과학자료실(3층),859.31 T273gKㅈ
E566500,멍청해지기 전에 읽는 뇌과학,이인아,Originals,2025,사회자연과학자료실(2층),511.1813 이68ㅁ
E566501,멘탈 회복력의 기술,"Zahariades, Damon",서울문화사,2026,인문과학자료실(3층),189.1 Z19sKㄱ
E566502,모두를 위한 강원국의 진짜 공부,강원국,책깃,2026,사회자연과학자료실(2층),373.4 강66ㅁ
E566503,모든 순간의 나를 믿어보기로 했다,최송이,더퀘스트,2026,인문과학자료실(3층),818 최55ㅁ
E566504,묘하게 다정한 날들,희서,수류책방,2026,사회자연과학자료실(2층),527.478604 희54ㅁ
E566505,무던해 보이지만 사실 예민한 사람입니다,최치현,빅피시,2026,인문과학자료실(3층),182.12 최86ㅁ
E566506,미술치료 매체와 기법,정여주,학지사,2026,사회자연과학자료실(2층),512.5156 미56
E566507,바꿀 수 없는 것을 바꾸지 않을 용기,천하이셴,더페이지,2026,인문과학자료실(3층),189.1 진93ㄷKㅂ
E566508,바다에서 온 소년,"Carr, Garrett",북파머스,2026,커뮤니티라운지(1층-인기도서),843.6 C311bKㅇ
E566509,바닥짐 위의 행복,정종민,지식터,2024,인문과학자료실(3층),191.6 정75ㅂ
E566510,바람이 되기에는 아직,笹原千波,요다,2026,인문과학자료실(3층),833.6 세66ㅂ
E566511,방향을 따라야 인생이 달라진다,"Hellerer, Megan",흐름출판,2026,사회자연과학자료실(2층),325.211 H477dKㅇ
E566512,복잡한 건 싫지만 AI는 해야겠어,최원정,아이생각,2026,인문과학자료실(3층),004.73 최66ㅂ
E566513,부의 사다리에 올라타라,박슬라,RHK,2026,커뮤니티라운지(1층-인기도서),327.04 M193wKㅂ
E566514,브레이크넥,"Wang, Dan",웅진지식하우스,2026,커뮤니티라운지(1층-인기도서),349.12042 W246bKㅇ
E566515,비자살적 자해의 이해,"Nock, Matthew K",㈜학지사,2026,인문과학자료실(3층),186.3 N758uKㅇ
E566516,사랑하는 듣기,박수인,아침달,2026,사회자연과학자료실(2층),670.4 박56ㅅ
E566517,사회적 히키코모리,斎藤環,에디투스,2026,사회자연과학자료실(2층),334.3 재26ㅅKㅇ
E566518,상업정보교과교재 및 연구법,안범진,탑북스,2021,사회자연과학자료실(2층),376.7 안44ㅅ2
E566519,서른을 위한 최소한의 철학 수업,최영원,이든서재,2026,인문과학자료실(3층),199.1 최64ㅅ
E566520,술 이름은 코리안 민트,홍은택,B.read(브.레드),2026,사회자연과학자료실(2층),573.41 홍67ㅅ
E566521,스노우 걸,박설영,반타,2026,인문과학자료실(3층),873 C352cKㅂ
E566522,스마트제조,노상도,교문사,2026,사회자연과학자료실(2층),323.08 스32
E566523,스마트폰 리터러시,김영한,샘솟는기쁨,2026,사회자연과학자료실(2층),334.3 김64ㅅ
E566524,영화가 사랑한 보석,민은미,J&jj(제이 앤 제이제이),2026,사회자연과학자료실(2층),633 민67ㅇ
E566525,슬기로운 동맹 생활,김준형,메디치(메디치미디어),2026,사회자연과학자료실(2층),349.11042 김76ㅅ
E566526,슬픔은 사람을 위한 것,송섬별,현대문학,2026,인문과학자료실(3층),848 C949gKㅅ
E566527,습관은 나의 힘,堀田秀吾,비즈니스북스,2026,커뮤니티라운지(1층-인기도서),199 굴74ㄱKㅈ
E566528,(단체급식 및 외식산업 관리자를 위한) 식품구매,양일선,교문사,2026,사회자연과학자료실(2층),594.84 식896ㄱ3
E566529,아동음악치료,양은아,학지사,2026,사회자연과학자료실(2층),512.5153 양67ㅇ
E566530,아무도 읽지 않습니다,김상원,황금가지,2026,인문과학자료실(3층),813.7 김52ㅇ
E566531,(알기 쉬운) 사회복지조사방법론,황성동,학지사,2026,사회자연과학자료실(2층),338.073 황54ㅅ3
E566532,영원히 계속되다가 끝이 난다,"Marcken, Anne de",허블,2026,커뮤니티라운지(1층-인기도서),843.6 M319lKㅅ
E566533,예술기반 연구,"McNiff, Shaun",학지사,2026,사회자연과학자료실(2층),512.5156 M169aKㅊ
E566534,오늘은 내가 너에게 갈게,이수연,마이디어북스,2026,인문과학자료실(3층),813.7 이56ㅇ
E566535,오버씽킹,"Holmberg, Betsy",웅진지식하우스,2026,커뮤니티라운지(1층-인기도서),189.1 H747uKㅇ
E566536,오십의 마음들,한창수,웅진지식하우스,2026,인문과학자료실(3층),189.1 한82ㅇ
E566537,왜 나의 다정함이 당신을 상처 입힐까,近內悠太,다다서재,2026,인문과학자료실(3층),191.5 근193ㄹKㄱ
E566538,(최신) 원가관리회계,홍철규,교문사,2025,사회자연과학자료실(2층),325.82077 홍83ㅇ
E566539,웰니스의 힘,엄승용,학자원,2026,사회자연과학자료실(2층),331.4 엄57ㅇ
E566540,위험사회와 위기관리,김영욱,학지사비즈,2026,사회자연과학자료실(2층),331.6 위94
E566541,유아 SW·AI 교육의 이해와 실제,이재은,공동체,2026,사회자연과학자료실(2층),375.1633 이73ㅇ2
E566542,(음식 처방하는 약사 황해연의)다이어트 마스터 클래스,황해연,다시여름,2026,커뮤니티라운지(1층-인기도서),594.675 황93ㄷ
E566543,음악교육공학과 에듀테크 활용 수업,조성기,학지사,2026,사회자연과학자료실(2층),670.72 음62
E566544,의복의 입체구성,강순희,교문사,2026,사회자연과학자료실(2층),592.3 강56ㅇ
E566545,이런 건 왜 또 기막히게 생각나서,배순탁,어라운드,2026,인문과학자료실(3층),818 배56ㅇ
E566546,이밍아웃,김날,오늘산책,2026,인문과학자료실(3층),818 김192ㅇ
E566547,이야기로 여는 교실,김민중,책과나무,2026,인문과학자료실(3층),029.8 김38ㅇ
E566548,인생을 묻는 청년에게,서재경,김영사,2026,인문과학자료실(3층),199.1 서73ㅇ
E566549,인생의 폭풍 속에서 춤을,이정민,나무사이,2026,인문과학자료실(3층),199.1 이74ㅇ
E566550,일곱 괴물이 사는 마음,"Leschziner, Guy",흐름출판,2026,사회자연과학자료실(2층),511.1813 L625sKㅇ
E566551,일하면서 바로 써먹는 아웃풋×성과 도감,樺沢紫苑,현대지성,2026,커뮤니티라운지(1층-인기도서),325.211 화883ㅎKㅈ
E566552,(KcLep에 프로그램에 의한)전산회계 1급,박용범,(주)도서출판한솔,2026,사회자연과학자료실(2층),325.9027 박65ㅈ v.1
E566553,(KcLep에 프로그램에 의한)전산회계 1급,박용범,(주)도서출판한솔,2026,사회자연과학자료실(2층),325.9027 박65ㅈ v.2
E566554,제미나이 주식투자,조성호,길벗,2026,커뮤니티라운지(1층-인기도서),327.856 조54ㅈ
E566555,존엄하고 초라한,강미현,흠영,2026,사회자연과학자료실(2층),334 강38ㅈ
E566556,죽었다기보다 잊혀졌어요,"Laurencin, Marie",수오서재,2026,사회자연과학자료실(2층),653.26 L379mKㅇ
E566557,(지성과 감성의) 경영학원론,정재엽,학지사비즈,2026,사회자연과학자료실(2층),325.01 정73ㄱ
E566558,(컨설턴트를 위한) AI 툴 실전 매뉴얼,양인준,청람,2026,인문과학자료실(3층),004.73 양68a
E566559,코다,五十嵐大,타래,2025,인문과학자료실(3층),838 오58ㄴKㅅ
E566560,콘텐츠 설계자,"Cole, Nicolas",윌북,2026,사회자연과학자료실(2층),325.555 C689aKㅇ
E566561,크리스티안 페촐트,"Petzold, Christian",마음산책,2025,사회자연과학자료실(2층),688.028 P513cKㅇ
E566562,파이어드,한정수,체인지업(체인지업북스),2025,사회자연과학자료실(2층),327.04 한74ㅍ
E566563,한글이 된 친구들,이호백,재미마주,2026,인문과학자료실(3층),710 이95ㅎ2
E566564,한나 아렌트,"Meyer, Thomas",현암사,2026,사회자연과학자료실(2층),340.99 M613hKㅎ
E566565,한나 아렌트 철학 전기,"Young-Bruehl, Elisabeth",신서원,2022,사회자연과학자료실(2층),340.99 Y78hKㅎ
E566566,한영 육아 번역기,임현주,한겨레,2026,인문과학자료실(3층),818 임94ㅎ
E566567,행동이 실력이다,함서경,다산북스,2026,사회자연과학자료실(2층),325.211 함54ㅎ
E566568,형태 없는 불안,"Harvey, Samantha",서해문집,2026,인문과학자료실(3층),848 H342sKㅅ
E566569,화이트 멀버리,"Easton, Rosa Kwon",서삼독,2026,커뮤니티라운지(1층-인기도서),843 E13wKㄱ
E566570,환경수리학,서일원,교문사,2026,사회자연과학자료실(2층),537 환13
E566571,후킹,김운기,토네이도,2026,인문과학자료실(3층),802 김66ㅎ
